CI_identification;Item_Name;Acronym;Level;System;SubSystem;Module;Unit;Assemblie;SubAssemblie;Component;Developed_by
300000 - 0000;Calibration and Relay System;CARS;1;3;0;0;0;0;0;0;CAB
310000 - 0000;Calibration Module;CM;2;3;1;0;0;0;0;0;CAB
311000 - 0000;Intentionally Blank;;3;3;1;1;0;0;0;0;CAB
312000 - 0000;Intentionally Blank;;3;3;1;2;0;0;0;0;CAB
313000 - 0000;Intentionally Blank;;3;3;1;3;0;0;0;0;CAB
314000 - 0000;Intentionally Blank;;3;3;1;4;0;0;0;0;CAB
315000 - 0000;IFS Calibration Unit;ICU;3;3;1;5;0;0;0;0;CAB
315100 - 0000;ICU Uniform Source Assembly;IUSA;4;3;1;5;1;0;0;0;CAB
315110 - 0000;ICU Integrating Sphere;CM IIS;5;3;1;5;1;1;0;0;CAB
315111 - 0000;ICU Integrating Sphere Structure;CM IISS;6;3;1;5;1;1;1;0;CAB
315111 - 0001;ICU Integrating Sphere Temperature Sensor;CM ISTS;7;3;1;5;1;1;1;1;CAB
315112 - 0000;Integrating Sphere Detector;CM ISD;6;3;1;5;1;1;2;0;CAB
315113 - 0000;Variable Attenuator Ar;CM VA Ar;6;3;1;5;1;1;3;0;CAB
315113 - 0001;Variable Attenuator Iris Ar;CM VAI Ar;7;3;1;5;1;1;3;1;CAB
315113 - 0002;Variable Attenuators Stepper Motor Ar;CM VAM Ar;7;3;1;5;1;1;3;2;CAB
315113 - 0003;Variable Attenuators Encoder Ar;CM VAE Ar;7;3;1;5;1;1;3;3;CAB
315114 - 0000;Variable Attenuator Xe;CM VA Xe;6;3;1;5;1;1;4;0;CAB
315114 - 0001;Variable Attenuator Iris Xe;CM VAI Xe;7;3;1;5;1;1;4;1;CAB
315114 - 0002;Variable Attenuators Stepper Motor Xe;CM VAM Xe;7;3;1;5;1;1;4;2;CAB
315114 - 0003;Variable Attenuators Encoder Xe;CM VAE Xe;7;3;1;5;1;1;4;3;CAB
315115 - 0000;Variable Attenuator Kr;CM VA Kr;6;3;1;5;1;1;5;0;CAB
315115 - 0001;Variable Attenuator Iris Kr;CM VAI Kr;7;3;1;5;1;1;5;1;CAB
315115 - 0002;Variable Attenuators Stepper Motor Kr;CM VAM Kr;7;3;1;5;1;1;5;2;CAB
315115 - 0003;Variable Attenuators Encoder Kr;CM VAE Kr;7;3;1;5;1;1;5;3;CAB
315116 - 0000;Variable Attenuator Ne;CM VA Ne;6;3;1;5;1;1;6;0;CAB
315116 - 0001;Variable Attenuator Iris Ne;CM VAI Ne;7;3;1;5;1;1;6;1;CAB
315116 - 0002;Variable Attenuators Stepper Motor Ne;CM VAM Ne;7;3;1;5;1;1;6;2;CAB
315116 - 0003;Variable Attenuators Encoder Ne;CM VAE Ne;7;3;1;5;1;1;6;3;CAB
315117 - 0000;Variable Attenuator QTH;CM VA Q;6;3;1;5;1;1;7;0;CAB
315117 - 0001;Variable Attenuator Iris QTH;CM VAI Q;7;3;1;5;1;1;7;1;CAB
315117 - 0002;Variable Attenuators Stepper Motor QTH;CM VAM Q;7;3;1;5;1;1;7;2;CAB
315117 - 0003;Variable Attenuators Encoder QTH;CM VAE Q;7;3;1;5;1;1;7;3;CAB
315120 - 0000;IFS Light Sources;CM ILS;5;3;1;5;1;2;0;0;CAB
315121 - 0000;Discrete Lamps;CM DL;6;3;1;5;1;2;1;0;CAB
315121 - 0001;Ar lamp;CM LAr;7;3;1;5;1;2;1;1;CAB
315121 - 0002;Kr lamp;CM LKr;7;3;1;5;1;2;1;2;CAB
315121 - 0003;Ne lamp;CM LNe;7;3;1;5;1;2;1;3;CAB
315121 - 0004;Xe lamp;CM LXe;7;3;1;5;1;2;1;4;CAB
315121 - 0005;Ar lamp photodiode;CM LAr Ph;7;3;1;5;1;2;1;5;CAB
315121 - 0006;Kr lamp photodiode;CM LKr Ph;7;3;1;5;1;2;1;6;CAB
315121 - 0007;Ne lamp photodiode;CM LNe Ph;7;3;1;5;1;2;1;7;CAB
315121 - 0008;Xe lamp photodiode;CM LXe Ph;7;3;1;5;1;2;1;8;CAB
315122 - 0000;Continuum Lamps;CM CL;6;3;1;5;1;2;2;0;CAB
315122 - 0001;Continuum QTH Lamp;CM LQTH;7;3;1;5;1;2;2;1;CAB
315122 - 0002;Continuum QTH Lamp Photodiode;CM LQTH Ph;7;3;1;5;1;2;2;2;CAB
315123 - 0000;Satellite Lamps Support;CM SLS;6;3;1;5;1;2;3;0;CAB
315123 - 0001;Injection mirrors Discrete Lamp Ar;CM SIM Ar;7;3;1;5;1;2;3;1;CAB
315123 - 0002;Injection mirrors Discrete Lamp Kr;CM SIM Kr;7;3;1;5;1;2;3;2;CAB
315123 - 0003;Injection mirrors Discrete Lamp Ne;CM SIM Ne;7;3;1;5;1;2;3;3;CAB
315123 - 0004;Injection mirrors Discrete Lamp Xe;CM SIM Xe;7;3;1;5;1;2;3;4;CAB
315123 - 0005;Injection mirror Continuum Lamp QTH;CM SIM Q;7;3;1;5;1;2;3;5;CAB
315130 - 0000;Integrating Sphere Support;CM ISS;5;3;1;5;1;3;0;0;CAB
315200 - 0000;Filter Wheel Assembly;FWA;4;3;1;5;2;0;0;0;CAB
315210 - 0000;Filters Subassembly;CM FWFA;5;3;1;5;2;1;0;0;CAB
315211 - 0000;Equalized Filters;CM FW F;6;3;1;5;2;1;1;0;CAB
315211 - 0001;Equalized Filter - VIS;CM FW FVIS;7;3;1;5;2;1;1;1;CAB
315211 - 0002;Equalized Filter - LR1;CM FW FLR1;7;3;1;5;2;1;1;2;CAB
315211 - 0003;Equalized Filter - LR2;CM FW FLR2;7;3;1;5;2;1;1;3;CAB
315211 - 0004;Equalized Filter - MR1;CM FW FMR1;7;3;1;5;2;1;1;4;CAB
315211 - 0005;Equalized Filter - MR2;CM FW FMR2;7;3;1;5;2;1;1;5;CAB
315211 - 0006;Equalized Filter - MR3;CM FW FMR3;7;3;1;5;2;1;1;6;CAB
315211 - 0007;Equalized Filter - MR4;CM FW FMR4;7;3;1;5;2;1;1;7;CAB
315211 - 0008;Equalized Filter - HR1;CM FW FHR1;7;3;1;5;2;1;1;8;CAB
315211 - 0009;Equalized Filter - HR2;CM FW FHR2;7;3;1;5;2;1;1;9;CAB
315211 - 0010;Equalized Filter - HR3;CM FW FHR3;7;3;1;5;2;1;1;10;CAB
315211 - 0011;Equalized Filter - HR4;CM FW FHR4;7;3;1;5;2;1;1;11;CAB
315212 - 0000;Equalized Filters Frames;CM FW FF;6;3;1;5;2;1;2;0;CAB
315220 - 0000;Filter wheel Motorized Support;CM FW MS;5;3;1;5;2;2;0;0;CAB
315221 - 0000;Rotary Wheel Disk ;CM FW RWD;6;3;1;5;2;2;1;0;CAB
315221 - 0001;Rotary Disk;CM FW RD;7;3;1;5;2;2;1;1;CAB
315221 - 0002;Rotary Disk Cover;CM FW RC;7;3;1;5;2;2;1;2;CAB
315222 - 0000;Rotary Stage;CM FW RS;6;3;1;5;2;2;2;0;CAB
315223 - 0000;Rotary Wheel Support Structure;CM FW RSS;6;3;1;5;2;2;3;0;CAB
315300 - 0000;Relay Optics Assembly;ROA;4;3;1;5;3;0;0;0;CAB
315310 - 0000;M1 SubAssembly;CM RO M1A;5;3;1;5;3;1;0;0;CAB
315311 - 0000;M1 Mirror;CM RO M1;6;3;1;5;3;1;1;0;CAB
315312 - 0000;M1 Gimbal Mounting;CM RO M1G;6;3;1;5;3;1;2;0;CAB
315320 - 0000;M2 SubAssembly;CM RO M2A;5;3;1;5;3;2;0;0;CAB
315321 - 0000;M2 Mirror;CM RO M2;6;3;1;5;3;2;1;0;CAB
315322 - 0000;M2 Gimbal Mounting;CM RO M2G;6;3;1;5;3;2;2;0;CAB
315330 - 0000;M3 SubAssembly;CM RO M3A;5;3;1;5;3;3;0;0;CAB
315331 - 0000;M3 Mirror;CM RO M3;6;3;1;5;3;3;1;0;CAB
315332 - 0000;M3 Gimbal Mounting;CM RO M3G;6;3;1;5;3;3;2;0;CAB
315340 - 0000;FM1 SubAssembly;CM RO FM1A;5;3;1;5;3;4;0;0;CAB
315341 - 0000;Folding Mirror 1;CM RO FM1;6;3;1;5;3;4;1;0;CAB
315342 - 0000;FM1 Mounting;CM RO FM1M;6;3;1;5;3;4;2;0;CAB
315350 - 0000;FM2 SubAssembly;CM RO FM2A;5;3;1;5;3;5;0;0;CAB
315351 - 0000;Folding Mirror 2;CM RO FM2;6;3;1;5;3;5;1;0;CAB
315352 - 0000;FM2 Mounting;CM RO FM2M;6;3;1;5;3;5;2;0;CAB
315360 - 0000;FM3 SubAssembly;CM RO FM3A;5;3;1;5;3;6;0;0;CAB
315361 - 0000;Folding Mirror 3;CM RO FM3;6;3;1;5;3;6;1;0;CAB
315362 - 0000;FM3 Mounting;CM RO FM3M;6;3;1;5;3;6;2;0;CAB
315370 - 0000;Pupil SubAssembly;CM RO PA;5;3;1;5;3;7;0;0;CAB
315371 - 0000;Pupil Mask;CM RO PM;6;3;1;5;3;7;1;0;CAB
315372 - 0000;PM Mounting;CM RO PMM;6;3;1;5;3;7;2;0;CAB
315380 - 0000;Relay Optics Support Structure;CM RO SS;5;3;1;5;3;8;0;0;CAB
315381 - 0000;Relay Optics Bench;CM RO B;6;3;1;5;3;8;1;0;CAB
315381 - 0001;Relay Optics Thermal Sensor;CM RO TS;7;3;1;5;3;8;1;1;CAB
315382 - 0000;Relay Optics Baffles;CM RO BA;6;3;1;5;3;8;2;0;CAB
315382 - 0001;Relay Optics Baffle-1;CM RO BA1;7;3;1;5;3;8;2;1;CAB
315382 - 0002;Relay Optics Baffle-2;CM RO BA2;7;3;1;5;3;8;2;2;CAB
315383 - 0000;Relay Optics Post;CM RO P;6;3;1;5;3;8;3;0;CAB
315400 - 0000;Calibration Mask Wheel Assembly;CMWA;4;3;1;5;4;0;0;0;CAB
315410 - 0000;Calibration Masks SubAssembly;CM MW SA;5;3;1;5;4;1;0;0;CAB
315411 - 0000;Open Mask Set;CM MW OMS;6;3;1;5;4;1;1;0;CAB
315411 - 0001;Open Mask;CM MW OM;7;3;1;5;4;1;1;1;CAB
315411 - 0002;Open Mask Frame;CM MW OMF;7;3;1;5;4;1;1;2;CAB
315411 - 0003;Open Mask Mount;CM MW OMM;7;3;1;5;4;1;1;3;CAB
315411 - 0004;Open Mask Alignment Pins;CM MW OMP;7;3;1;5;4;1;1;4;CAB
315412 - 0000;4mas Masks Set;CM MW M4S;6;3;1;5;4;1;2;0;CAB
315412 - 0001;Pinholes Mask 4mas;CM MW PM4;7;3;1;5;4;1;2;1;CAB
315412 - 0002;Pinholes Mask 4mas Frame;CM MW PM4F;7;3;1;5;4;1;2;2;CAB
315412 - 0003;Pinholes Mask 4mas Mount;CM MW PM4M;7;3;1;5;4;1;2;3;CAB
315412 - 0004;Pinholes Mask 4mas Alignment Pin;CM MW PM4P;7;3;1;5;4;1;2;4;CAB
315412 - 0005;Traces Mask 4mas;CM MW TM4;7;3;1;5;4;1;2;5;CAB
315412 - 0006;Traces Mask 4mas Frame;CM MW TM4F;7;3;1;5;4;1;2;6;CAB
315412 - 0007;Traces Mask 4mas Mount;CM MW TM4M;7;3;1;5;4;1;2;7;CAB
315412 - 0008;Traces Mask 4mas Alignment Pin;CM MW TM4P;7;3;1;5;4;1;2;8;CAB
315413 - 0000;10mas Masks Set;CM MW M10S;6;3;1;5;4;1;3;0;CAB
315413 - 0001;Pinholes Mask 10mas;CM MW PM10;7;3;1;5;4;1;3;1;CAB
315413 - 0002;Pinholes Mask 10mas Frame;CM MW PM10F;7;3;1;5;4;1;3;2;CAB
315413 - 0003;Pinholes Mask 10mas Mount;CM MW PM10M;7;3;1;5;4;1;3;3;CAB
315413 - 0004;Pinholes Mask 10mas Alignment Pin;CM MW PM10P;7;3;1;5;4;1;3;4;CAB
315413 - 0005;Traces Mask 10mas;CM MW TM10;7;3;1;5;4;1;3;5;CAB
315413 - 0006;Traces Mask 10mas Frame;CM MW TM10F;7;3;1;5;4;1;3;6;CAB
315413 - 0007;Traces Mask 10mas Mount;CM MW TM10M;7;3;1;5;4;1;3;7;CAB
315413 - 0008;Traces Mask 10mas Alignment Pin;CM MW TM10P;7;3;1;5;4;1;3;8;CAB
315414 - 0000;20mas Masks Set;CM MW M20S;6;3;1;5;4;1;4;0;CAB
315414 - 0001;Pinholes Mask 20mas;CM MW PM20;7;3;1;5;4;1;4;1;CAB
315414 - 0002;Pinholes Mask 20mas Frame;CM MW PM20F;7;3;1;5;4;1;4;2;CAB
315414 - 0003;Pinholes Mask 20mas Mount;CM MW PM20M;7;3;1;5;4;1;4;3;CAB
315414 - 0004;Pinholes Mask 20mas Alignment Pin;CM MW PM20P;7;3;1;5;4;1;4;4;CAB
315414 - 0005;Traces Mask 20mas;CM MW TM20;7;3;1;5;4;1;4;5;CAB
315414 - 0006;Traces Mask 20mas Frame;CM MW TM20F;7;3;1;5;4;1;4;6;CAB
315414 - 0007;Traces Mask 20mas Mount;CM MW TM20M;7;3;1;5;4;1;4;7;CAB
315414 - 0008;Traces Mask 20mas Alignment Pin;CM MW TM20P;7;3;1;5;4;1;4;8;CAB
315415 - 0000;30x60mas Masks Set;CM MW M30S;6;3;1;5;4;1;5;0;CAB
315415 - 0001;Pinholes Mask 30x60mas;CM MW PM30;7;3;1;5;4;1;5;1;CAB
315415 - 0002;Pinholes Mask 30x60mas Frame;CM MW PM30F;7;3;1;5;4;1;5;2;CAB
315415 - 0003;Pinholes Mask 30x60mas Mount;CM MW PM30M;7;3;1;5;4;1;5;3;CAB
315415 - 0004;Pinholes Mask 30x60mas Alignment Pin;CM MW PM30P;7;3;1;5;4;1;5;4;CAB
315415 - 0005;Traces Mask 30x60mas;CM MW TM30;7;3;1;5;4;1;5;5;CAB
315415 - 0006;Traces Mask 30x60mas Frame;CM MW TM30F;7;3;1;5;4;1;5;6;CAB
315415 - 0007;Traces Mask 30x60mas Mount;CM MW TM30M;7;3;1;5;4;1;5;7;CAB
315415 - 0008;Traces Mask 30x60mas Alignment Pin;CM MW TM30P;7;3;1;5;4;1;5;8;CAB
315416 - 0000;Close Mask Set;CM MW CMS;6;3;1;5;4;1;6;0;CAB
315416 - 0001;Close Mask;CM MW CM;7;3;1;5;4;1;6;1;CAB
315416 - 0002;Close Mask Frame;CM MW CMF;7;3;1;5;4;1;6;2;CAB
315416 - 0003;Close Mask Mount;CM MW CMM;7;3;1;5;4;1;6;3;CAB
315416 - 0004;Close Mask Alignment Pins;CM MW CMP;7;3;1;5;4;1;6;4;CAB
315420 - 0000;Calibration Mask Wheel Motorized Support;CM MW MS;5;3;1;5;4;2;0;0;CAB
315421 - 0000;Rotary Wheel Disk ;CM MW D;6;3;1;5;4;2;1;0;CAB
315421 - 0001;Rotary Disk;CM MW RD;7;3;1;5;4;2;1;1;CAB
315421 - 0002;Rotary Disk Cover;CM MW DC;7;3;1;5;4;2;1;2;CAB
315422 - 0000;Rotary Stage;CM MW RS;6;3;1;5;4;2;2;0;CAB
315423 - 0000;Rotary Wheel Support Structure;CM MW SS;6;3;1;5;4;2;3;0;CAB
315500 - 0000;ICU Positioning Mechanism Assembly;IPMA;4;3;1;5;5;0;0;0;CAB
315510 - 0000;ICU Positioning Stage;CM IPM PS;5;3;1;5;5;1;0;0;CAB
315511 - 0000;ICU Possitioning Stage Actuator;CM IPM PSA;6;3;1;5;5;1;1;0;CAB
315511 - 0001;ICU Possitioning Stage Motor;CM IPM PSM;7;3;1;5;5;1;1;1;CAB
315511 - 0002;ICU Possitioning Stage Motor Support;CM IPM PSMS;7;3;1;5;5;1;1;2;CAB
315511 - 0003;ICU Possitioning Stage Flexible coupling;CM IPM PSFC;7;3;1;5;5;1;1;3;CAB
315511 - 0004;ICU Possitioning Stage Shaft;CM IPM PSS;7;3;1;5;5;1;1;4;CAB
315511 - 0005;ICU Possitioning Stage Actuated Nut;CM IPM PSN;7;3;1;5;5;1;1;5;CAB
315511 - 0006;ICU Possitioning Stage Actuated Nut support;CM IPM PSNS;7;3;1;5;5;1;1;6;CAB
315511 - 0007;ICU Possitioning Stage Bearings;CM IPM PSB;7;3;1;5;5;1;1;7;CAB
315511 - 0008;ICU Possitioning Stage Bearing Support;CM IPM PSBS;7;3;1;5;5;1;1;8;CAB
315512 - 0000;ICU Possitioning Stage Feedback;CM IPM PSF;6;3;1;5;5;1;2;0;CAB
315512 - 0001;ICU Possitioning Stage Encoder head;CM IPM PSEH;7;3;1;5;5;1;2;1;CAB
315512 - 0002;ICU Possitioning Stage Encoder Guide;CM IPM PSEG;7;3;1;5;5;1;2;2;CAB
315512 - 0003;ICU Possitioning Stage Initial Limit Switch;CM IPM PSLI;7;3;1;5;5;1;2;3;CAB
315512 - 0004;ICU Possitioning Stage Final Limit Switch;CM IPM PSLF;7;3;1;5;5;1;2;4;CAB
315513 - 0000;ICU Possitioning Stage Carriage;CM IPM PSC;6;3;1;5;5;1;3;0;CAB
315520 - 0000;ICU Focussing Stage;CM IPM FS;5;3;1;5;5;2;0;0;CAB
315521 - 0000;ICU Focussing Stage Actuator;CM IPM FSA;6;3;1;5;5;2;1;0;CAB
315521 - 0001;ICU Focussing Stage Motor;CM IPM FSM;7;3;1;5;5;2;1;1;CAB
315521 - 0002;ICU Focussing Stage Motor Support;CM IPM FSMS;7;3;1;5;5;2;1;2;CAB
315521 - 0003;ICU Focussing Stage Flexible coupling;CM IPM FSFC;7;3;1;5;5;2;1;3;CAB
315521 - 0004;ICU Focussing Stage Shaft;CM IPM FSS;7;3;1;5;5;2;1;4;CAB
315521 - 0005;ICU Focussing Stage Actuated Nut;CM IPM FSN;7;3;1;5;5;2;1;5;CAB
315521 - 0006;ICU Focussing Stage Actuated Nut support;CM IPM FSNS;7;3;1;5;5;2;1;6;CAB
315521 - 0007;ICU Focussing Stage Bearings;CM IPM FSB;7;3;1;5;5;2;1;7;CAB
315521 - 8000;ICU Focussing Stage Bearing Support;CM IPM FSBS;7;3;1;5;5;2;1;8000;CAB
315522 - 0000;ICU Focussing Stage Feedback;CM IPM FSF;6;3;1;5;5;2;2;0;CAB
315522 - 0001;ICU Focussing Stage Encoder head;CM IPM FSEH;7;3;1;5;5;2;2;1;CAB
315522 - 0002;ICU Focussing Stage Encoder Guide;CM IPM FSEG;7;3;1;5;5;2;2;2;CAB
315522 - 0003;ICU Focussing Stage Initial Limit Switch;CM IPM FSLI;7;3;1;5;5;2;2;3;CAB
315522 - 0004;ICU Focussing Stage Final Limit Switch;CM IPM FSLF;7;3;1;5;5;2;2;4;CAB
315523 - 0000;ICU Focussing Stage Carriage;CM IPM FSC;6;3;1;5;5;2;3;0;CAB
315530 - 0000;ICU Positioning Mechanism Structure;CM IPM SS;5;3;1;5;5;3;0;0;CAB
315531 - 0000;ICU Possitioning Mechanism Bench;CM IPM B;6;3;1;5;5;3;1;0;CAB
315531 - 0001;ICU Positioning Mechanism Temperature Sensor;CM IPM TS;7;3;1;5;5;3;1;1;CAB
315532 - 0000;ICU Guiding Set;CM IPM G;6;3;1;5;5;3;2;0;CAB
315532 - 0001;Guiding Rail-1;CM IPM GR1;7;3;1;5;5;3;2;1;CAB
315532 - 0002;Guiding Rail-2;CM IPM GR2;7;3;1;5;5;3;2;2;CAB
315532 - 0003;Guiding Slides-1;CM IPM GS1;7;3;1;5;5;3;2;3;CAB
315532 - 0004;Guiding Slides-2;CM IPM GS2;7;3;1;5;5;3;2;4;CAB
315532 - 0005;Guiding Slides-3;CM IPM GS3;7;3;1;5;5;3;2;5;CAB
315532 - 0006;Guiding Slides-4;CM IPM GS4;7;3;1;5;5;3;2;6;CAB
315600 - 0000;ICU Output Light Assembly;IOLA;4;3;1;5;6;0;0;0;CAB
315610 - 0000;ICU Output SubAssembly;CM IOA;5;3;1;5;6;1;0;0;CAB
315611 - 0000;Folding Mirror 4;CM IO FM4;6;3;1;5;6;1;1;0;CAB
315612 - 0000;FM4 Mounting;CM IO FM4M;6;3;1;5;6;1;2;0;CAB
315700 - 0000;AOCU Output Light Assembly;AOOLA;4;3;1;5;7;0;0;0;CAB
315710 - 0000;AOCU Output SubAssembly;CM AOOA;5;3;1;5;7;1;0;0;CAB
315711 - 0000;AOCU Output Folding Mirror;CM AOO FM;6;3;1;5;7;1;1;0;CAB
315712 - 0000;AOCU Output Folding Mirror Mounting;CM AOO FMM;6;3;1;5;7;1;2;0;CAB
316000 - 0000;Geometrical Calibration Unit;GCU;3;3;1;6;0;0;0;0;CAB
316100 - 0000;Technical Field Mask Assembly;GTFMA;4;3;1;6;1;0;0;0;CAB
316110 - 0000;GCU Integrating Sphere;CM GIS;5;3;1;6;1;1;0;0;CAB
316120 - 0000;Optical Fibres Bundle;CM OFB;5;3;1;6;1;2;0;0;CAB
316121 - 0000;GCU Optical Fibers Set;CM GOF;6;3;1;6;1;2;1;0;CAB
316121 - 0001;GCU Multimode Optical Fibers 150µm core-;CM GOF F001;7;3;1;6;1;2;1;1;CAB
316121 - 0002;Optical Fiber Ferrule Coupling-1;CM GOF FC001;7;3;1;6;1;2;1;2;CAB
316121 - 0945;Optical Fibers Bundle Connector;CM GOF BC;7;3;1;6;1;2;1;945;CAB
316130 - 0000;Technical Field Mask Structure;CM GTFM;5;3;1;6;1;3;0;0;CAB
316131 - 0000;Technical Field Mask Plate;CM GTFM P;6;3;1;6;1;3;1;0;CAB
316131 - 0001;Technical Field Mask Plate Temperature Sensor 1;CM GTFM PTS1;7;3;1;6;1;3;1;1;CAB
316131 - 0002;Technical Field Mask Plate Temperature Sensor 2;CM GTFM PTS2;7;3;1;6;1;3;1;2;CAB
316132 - 0000;Technical Field Mask Support;CM GTFM S;6;3;1;6;1;3;2;0;CAB
316200 - 0000;GCU Electronics Rack Assembly;GERA;4;3;1;6;2;0;0;0;CAB
316210 - 0000;GCU Light Sources SubAssembly;CM GLSA;5;3;1;6;2;1;0;0;CAB
316211 - 0000;LED Sources;CM GLS;6;3;1;6;2;1;1;0;CAB
316211 - 0001;LED Source 1 - 680nm;CM GLS1;7;3;1;6;2;1;1;1;CAB
316211 - 0002;LED Source 2 - 780nm;CM GLS2;7;3;1;6;2;1;1;2;CAB
316211 - 0003;LED Source 3 - 1050nm;CM GLS3;7;3;1;6;2;1;1;3;CAB
316211 - 0004;LED Source 1 - Photodiode;CM GLS1Ph;7;3;1;6;2;1;1;4;CAB
316211 - 0005;LED Source 2 - Photodiode;CM GLS2Ph;7;3;1;6;2;1;1;5;CAB
316211 - 0006;LED Source 3 - Photodiode;CM GLS3Ph;7;3;1;6;2;1;1;6;CAB
316212 - 0000;GCU Photodetector;CM GLD;6;3;1;6;2;1;2;0;CAB
316213 - 0000;Fiber Splitter 4x1;CM GLFS;6;3;1;6;2;1;3;0;CAB
316214 - 0000;Optical Fiber 600µm cor;CM GLOF;6;3;1;6;2;1;4;0;CAB
316220 - 0000;GCU Light Sources configuration Electronics;CM GLE;5;3;1;6;2;2;0;0;CAB
316221 - 0000;LEDs Power supply;CM GLELP;6;3;1;6;2;2;1;0;CAB
316222 - 0000;Photodetector Power Supply;CM GLEPP;6;3;1;6;2;2;2;0;CAB
316223 - 0000;Photodetector Resistance regulator;CM GLEPR;6;3;1;6;2;2;3;0;CAB
316300 - 0000;GCU Positioning Mechanism Assembly;GPMA;4;3;1;6;3;0;0;0;CAB
316310 - 0000;GCU Positioning Stage;CM GPM PS;5;3;1;6;3;1;0;0;CAB
316311 - 0000;GCU Possitioning Stage Actuator;CM GPM PSA;6;3;1;6;3;1;1;0;CAB
316311 - 0001;GCU Possitioning Stage Motor;CM GPM PSM;7;3;1;6;3;1;1;1;CAB
316311 - 0002;GCU Possitioning Stage Motor Support;CM GPM PSMS;7;3;1;6;3;1;1;2;CAB
316311 - 0003;GCU Possitioning Stage Flexible coupling;CM GPM PSFC;7;3;1;6;3;1;1;3;CAB
316311 - 0004;GCU Possitioning Stage Shaft;CM GPM PSS;7;3;1;6;3;1;1;4;CAB
316311 - 0005;GCU Possitioning Stage Actuated Nut;CM GPM PSN;7;3;1;6;3;1;1;5;CAB
316311 - 0006;GCU Possitioning Stage Actuated Nut support;CM GPM PSNS;7;3;1;6;3;1;1;6;CAB
316311 - 0007;GCU Possitioning Stage Bearings;CM GPM PSB;7;3;1;6;3;1;1;7;CAB
316311 - 0008;GCU Possitioning Stage Bearing Support;CM GPM PSBS;7;3;1;6;3;1;1;8;CAB
316312 - 0000;GCU Possitioning Stage Feedback;CM GPM PSF;6;3;1;6;3;1;2;0;CAB
316312 - 0001;GCU Possitioning Stage Encoder Head;CM GPM PSEH;7;3;1;6;3;1;2;1;CAB
316312 - 0002;GCU Possitioning Stage Encoder Guide;CM GPM PSEG;7;3;1;6;3;1;2;2;CAB
316312 - 0003;GCU Possitioning Stage Initial Limit Switch;CM GPM PSLI;7;3;1;6;3;1;2;3;CAB
316312 - 0004;GCU Possitioning Stage Final Limit Switch;CM GPM PSLF;7;3;1;6;3;1;2;4;CAB
316320 - 0000;GCU Focussing Stage;CM GPM FS;5;3;1;6;3;2;0;0;CAB
316321 - 0000;GCU Focussing Stage Actuator;CM GPM FSA;6;3;1;6;3;2;1;0;CAB
316321 - 0001;GCU Focussing Stage Motor;CM GPM FSM;7;3;1;6;3;2;1;1;CAB
316321 - 0002;GCU Focussing Stage Motor Support;CM GPM FSMS;7;3;1;6;3;2;1;2;CAB
316321 - 0003;GCU Focussing Stage Flexible coupling;CM GPM FSFC;7;3;1;6;3;2;1;3;CAB
316321 - 0004;GCU Focussing Stage Shaft;CM GPM FSS;7;3;1;6;3;2;1;4;CAB
316321 - 0005;GCU Focussing Stage Actuated Nut;CM GPM FSN;7;3;1;6;3;2;1;5;CAB
316321 - 0006;GCU Focussing Stage Actuated Nut support;CM GPM FSNS;7;3;1;6;3;2;1;6;CAB
316321 - 0007;GCU Focussing Stage Bearings;CM GPM FSB;7;3;1;6;3;2;1;7;CAB
316321 - 0008;GCU Focussing Stage Bearing Support;CM GPM FSBS;7;3;1;6;3;2;1;8;CAB
316322 - 0000;GCU Focussing Stage Feedback;CM GPM FSF;6;3;1;6;3;2;2;0;CAB
316322 - 0001;GCU Focussing Stage Encoder Head;CM GPM FSEH;7;3;1;6;3;2;2;1;CAB
316322 - 0002;GCU Focussing Stage Encoder Guide;CM GPM FSEG;7;3;1;6;3;2;2;2;CAB
316322 - 0003;GCU Focussing Stage Initial Limit Switches;CM GPM FSLI;7;3;1;6;3;2;2;3;CAB
316322 - 0004;GCU Focussing Stage Final Limit Switches;CM GPM FSLF;7;3;1;6;3;2;2;4;CAB
316330 - 0000;GCU Positioning Mechanism Structure;CM GPM SS;5;3;1;6;3;3;0;0;CAB
316331 - 0000;GCU Possitioning Mechanism Bench;CM GPM B;6;3;1;6;3;3;1;0;CAB
316331 - 0001;GCU Positioning Mechanism Temperature Sensor;CM GPM TS;7;3;1;6;3;3;1;1;CAB
316332 - 0000;GCU Guiding Set;CM GPM G;6;3;1;6;3;3;2;0;CAB
316332 - 0001;GCU Positioning Guiding Rail-1;CM GPM PGR1;7;3;1;6;3;3;2;1;CAB
316332 - 0002;GCU Positioning Guiding Rail-2;CM GPM PGR2;7;3;1;6;3;3;2;2;CAB
316332 - 0003;GCU Focussing Guiding Rail-1;CM GPM FGR1;7;3;1;6;3;3;2;3;CAB
316332 - 0004;GCU Focussing Guiding Rail-2;CM GPM FGR2;7;3;1;6;3;3;2;4;CAB
316332 - 0005;GCU Guiding Slides-1;CM GPM GS1;7;3;1;6;3;3;2;5;CAB
316332 - 0006;GCU Guiding Slides-2;CM GPM GS2;7;3;1;6;3;3;2;6;CAB
316332 - 0007;GCU Guiding Slides-3;CM GPM GS3;7;3;1;6;3;3;2;7;CAB
316332 - 0008;GCU Guiding Slides-4;CM GPM GS4;7;3;1;6;3;3;2;8;CAB
316332 - 0009;GCU Guiding Slides-5;CM GPM GS5;7;3;1;6;3;3;2;9;CAB
316332 - 0010;GCU Guiding Slides-6;CM GPM GS6;7;3;1;6;3;3;2;10;CAB
316332 - 0011;GCU Guiding Slides-7;CM GPM GS7;7;3;1;6;3;3;2;11;CAB
316332 - 0012;GCU Guiding Slides-8;CM GPM GS8;7;3;1;6;3;3;2;12;CAB
317000 - 0000;AO Calibration Unit;AOCU;3;3;1;7;0;0;0;0;Noah
318000 - 0000;Calibration Module Support Structure;CMSS;3;3;1;8;0;0;0;0;CAB
318100 - 0000;Calibration Module Bench;CMB;4;3;1;8;1;0;0;0;CAB
318200 - 0000;Calibration Module Electrical Services Harness;CMESH;4;3;1;8;2;0;0;0;CAB
318210 - 0000;GCU Cable Wrap;CM GCW;5;3;1;8;2;1;0;0;CAB
318220 - 0000;ICU&AOCU Cable Wrap;CM IAOCW;5;3;1;8;2;2;0;0;CAB
318230 - 0000;Calibration Module Connector Panel;CM CP;5;3;1;8;2;3;0;0;CAB
318231 - 0000;Connectors;CM CP C;6;3;1;8;2;3;1;0;CAB
318240 - 0000;Calibration Module Internal Cables;CM IC;5;3;1;8;2;4;0;0;CAB
319000 - 0000;Calibration Module Support Equipment;CMSE;3;3;1;9;0;0;0;0;CAB
319100 - 0000;Calibration Module Internal Protection Enclosures;CMIPE;4;3;1;9;1;0;0;0;CAB
319110 - 0000;GCU Handling Protection Enclosure;CM PE G;5;3;1;9;1;1;0;0;CAB
319120 - 0000;IFS Relay Handling Protection Enclosure;CM PE RO;5;3;1;9;1;2;0;0;CAB
319130 - 0000;IFS Masks Wheel Handling Protection Enclosure;CM PE MW;5;3;1;9;1;3;0;0;CAB
319140 - 0000;IFS Uniform Source Handling Protection Enclosure;CM PE US;5;3;1;9;1;4;0;0;CAB
319200 - 0000;Calibration Module Handling Tool;CMHT;4;3;1;9;2;0;0;0;CAB
319300 - 0000;Back Looking Pupil Reference Assembly;BLPRA;4;3;1;9;3;0;0;0;CAB
319310 - 0000;Back Looking Pupil Reference;BLPR;5;3;1;9;3;1;0;0;CAB
319320 - 0000;Back Looking Pupil Reference Mount;BLPRM;5;3;1;9;3;2;0;0;CAB
319400 - 0000;Calibration Module Subsystem Documentation;CMSD;4;3;1;9;4;0;0;0;CAB
